image_url_sample,image_url0,image_url1,image_url2,image_url3,image_url4,image_url5,image_url6,image_url7,image_url8,image_url9
https://i.imgur.com/ANGWJ2i.jpg,https://i.imgur.com/pgr4HyG.jpg,https://i.imgur.com/wCsyIuP.jpg,https://i.imgur.com/cMXW6yL.jpg,https://i.imgur.com/Ld7HRAe.jpg,https://i.imgur.com/ElVYGuk.jpg,https://i.imgur.com/abepsp4.jpg,https://i.imgur.com/E5B6Z8U.jpg,https://i.imgur.com/ptHsbWo.jpg,https://i.imgur.com/1jSZson.jpg,https://i.imgur.com/FxdlZfw.jpg
https://i.imgur.com/ANGWJ2i.jpg,https://i.imgur.com/Vp253NI.jpg,https://i.imgur.com/2WPTPY3.jpg,https://i.imgur.com/VKMbhmu.jpg,https://i.imgur.com/mpzkvkn.jpg,https://i.imgur.com/E6IfcLw.jpg,https://i.imgur.com/1axtDYv.jpg,https://i.imgur.com/W6jazfl.jpg,https://i.imgur.com/PvzO1tf.jpg,https://i.imgur.com/kXNSjA9.jpg,https://i.imgur.com/AVhyHQq.jpg
https://i.imgur.com/ANGWJ2i.jpg,https://i.imgur.com/UcFIU.jpg,https://i.imgur.com/NYsjPJv.jpg,https://i.imgur.com/HMP52aM.jpg,https://i.imgur.com/XEm5wGM.jpg,https://i.imgur.com/ErsdaB5.jpg,https://i.imgur.com/4waf1.jpg,https://i.imgur.com/ka5rXcS.jpg,https://i.imgur.com/RGSiEpU.jpg,https://i.imgur.com/Ux87ETg.jpg,https://i.imgur.com/aytwI6K.jpg
https://i.imgur.com/ANGWJ2i.jpg,https://i.imgur.com/fHmTQYN.jpg,https://i.imgur.com/qUL7KD9.jpg,https://i.imgur.com/wjADP2X.jpg,https://i.imgur.com/QW8FJaH.jpg,https://i.imgur.com/8On9sY7.jpg,https://i.imgur.com/rxCmsAj.jpg,https://i.imgur.com/iHY0x4e.jpg,https://i.imgur.com/LnTtYw0.jpg,https://i.imgur.com/I647ELL.jpg,https://i.imgur.com/SObKGS2.jpg
https://i.imgur.com/ANGWJ2i.jpg,https://i.imgur.com/5vOGXd1.jpg,https://i.imgur.com/dnYHrmm.jpg,https://i.imgur.com/tkrsE.jpg,https://i.imgur.com/MtPUDmG.jpg,https://i.imgur.com/6drFsHv.jpg,https://i.imgur.com/NbSlKQl.jpg,https://i.imgur.com/4IHig.jpg,https://i.imgur.com/h7sEULk.jpg,https://i.imgur.com/jmuGJdk.jpg,https://i.imgur.com/Ph5b3jK.jpg
https://i.imgur.com/ANGWJ2i.jpg,https://i.imgur.com/jHzMdJy.jpg,https://i.imgur.com/1egN9l4.jpg,https://i.imgur.com/2HG3Qjs.jpg,https://i.imgur.com/9HKU0xK.jpg,https://i.imgur.com/VZbbc9v.jpg,https://i.imgur.com/r4DuAc9.jpg,https://i.imgur.com/EmPmM99.jpg,https://i.imgur.com/1Uum89T.jpg,https://i.imgur.com/Uf7BhKb.jpg,https://i.imgur.com/sHJTzi5.jpg
https://i.imgur.com/ANGWJ2i.jpg,https://i.imgur.com/5lf1liX.jpg,https://i.imgur.com/wJwTtof.jpg,https://i.imgur.com/PTcFh6W.jpg,https://i.imgur.com/9jVuliw.jpg,https://i.imgur.com/Vt4vyxl.jpg,https://i.imgur.com/teogNsz.jpg,https://i.imgur.com/mO6ViRS.jpg,https://i.imgur.com/CujuDup.jpg,https://i.imgur.com/559Ybcu.jpg,https://i.imgur.com/OFaVt8T.jpg
https://i.imgur.com/ANGWJ2i.jpg,https://i.imgur.com/9VONioV.jpg,https://i.imgur.com/96ok0xu.jpg,https://i.imgur.com/JOjpjdf.jpg,https://i.imgur.com/cPlmNxY.jpg,https://i.imgur.com/h1Me1Oj.jpg,https://i.imgur.com/36J4P5s.jpg,https://i.imgur.com/jOrwnNg.jpg,https://i.imgur.com/f2SwO01.jpg,https://i.imgur.com/c4AFf45.jpg,https://i.imgur.com/yFG1o5Q.jpg
https://i.imgur.com/ANGWJ2i.jpg,https://i.imgur.com/kcnazgc.jpg,https://i.imgur.com/Xnk9mR4.jpg,https://i.imgur.com/ffKcKsD.jpg,https://i.imgur.com/yR0MSHb.jpg,https://i.imgur.com/6gGYVS8.jpg,https://i.imgur.com/1Sj1gZL.jpg,https://i.imgur.com/6tIaG0l.jpg,https://i.imgur.com/r8v6sRx.jpg,https://i.imgur.com/tflhWD1.jpg,https://i.imgur.com/YUoJ8GQ.jpg
https://i.imgur.com/ANGWJ2i.jpg,https://i.imgur.com/7Yoa7DN.jpg,https://i.imgur.com/ukLnndK.jpg,https://i.imgur.com/nuDYWPZ.jpg,https://i.imgur.com/zVSrqDO.jpg,https://i.imgur.com/YpPvP7i.jpg,https://i.imgur.com/STHyodQ.jpg,https://i.imgur.com/yEpVM3s.jpg,https://i.imgur.com/ZHzc7uC.jpg,https://i.imgur.com/tV1Skzo.jpg,https://i.imgur.com/aDcU0vX.jpg
